Price,Close,High,Low,Open,Volume,SMA_10,SMA_50,Next_Close
Ticker,AAPL,AAPL,AAPL,AAPL,AAPL,,,
Date,,,,,,,,
2023-03-15,151.26417541503906,151.52123700910988,148.22879983662045,149.48447760738804,77167900,149.33419494628907,143.0462225341797,154.0919189453125
2023-03-16,154.0919189453125,154.69503836094123,149.92940378389787,150.443542077547,76161100,150.31697998046874,143.6586486816406,153.2515106201172
2023-03-17,153.2515106201172,154.97188784795392,152.53963142836827,154.31932940774055,98944600,150.70950012207032,144.22879638671876,155.62445068359375
2023-03-20,155.62445068359375,156.0397261696518,152.4111121554213,153.32074741504434,73641400,151.0624755859375,144.87286026000976,157.4832000732422
2023-03-21,157.4832000732422,157.6018415548637,154.77410391183622,155.54531880235135,73938300,151.82180938720703,145.46327606201172,156.04959106445312
2023-03-22,156.04959106445312,160.31096943804832,156.029812451383,157.50300984854792,75701800,152.31221771240234,146.01455535888672,157.13717651367188
2023-03-23,157.13717651367188,159.7276317574304,155.90127718884906,157.03831361968307,67622100,153.13681030273438,146.57613403320312,158.4423065185547
2023-03-24,158.4423065185547,158.53128765648677,156.069385653722,157.06798695939537,59196500,154.2985595703125,147.10932098388673,156.4945068359375
2023-03-27,156.4945068359375,158.9564235953307,156.08912825748425,158.13578467553296,52390300,155.07074890136718,147.6051318359375,155.87159729003906
2023-03-28,155.87159729003906,156.70213299816345,154.22043780927265,156.1879947191645,45992200,155.5710433959961,148.06183013916015,158.95640563964844
2023-03-29,158.95640563964844,159.2332458359396,157.55242604798346,157.57218957153339,51305700,156.34026641845702,148.55692626953126,160.52847290039062
2023-03-30,160.52847290039062,160.63723263142947,159.45077243888025,159.70783403649028,49501700,156.98392181396486,149.09787658691405,163.039794921875
2023-03-31,163.039794921875,163.13867287949554,160.08353408091384,160.60755406565474,68749800,157.96275024414064,149.68786865234375,164.2954864501953
2023-04-03,164.2954864501953,164.4141279400383,162.36748680694973,162.41692578993744,56976200,158.8298538208008,150.25164001464844,163.76158142089844
2023-04-04,163.76158142089844,164.95792331758295,163.24744316398008,164.7206403425892,46278300,159.45769195556642,150.7407614135742,161.91268920898438
2023-04-05,161.91268920898438,163.1881457283857,159.9748075653386,162.88164511746857,51511700,160.04400177001952,151.1648681640625,162.8025360107422
2023-04-06,162.8025360107422,163.09915484076092,160.17253885078875,160.5976809407093,45390100,160.61053771972655,151.6200015258789,160.2021942138672
2023-04-10,160.2021942138672,160.2021942138672,158.2741945090455,159.59907481013732,47716900,160.78652648925782,151.98166442871093,158.98609924316406
2023-04-11,158.98609924316406,160.52849925536958,158.69936213850445,160.5186174915291,47644200,161.03568572998046,152.2801092529297,158.2939910888672
2023-04-12,158.2939910888672,160.23187277591592,157.9775936210526,159.40135205289505,50133100,161.27792510986328,152.6225619506836,163.6923828125
2023-04-13,163.6923828125,163.92968090167284,159.59908506589906,159.8067227797579,68445600,161.75152282714845,153.0475131225586,163.34632873535156
2023-04-14,163.34632873535156,164.44380780578675,161.97200945675792,162.7333124858637,49386500,162.03330841064454,153.44303497314453,163.36611938476562
2023-04-17,163.36611938476562,163.52431812616888,162.179658997566,163.22769925770336,41516200,162.0659408569336,153.73253082275392,164.59213256835938
2023-04-18,164.59213256835938,165.5215312907478,163.78137535549732,164.2263111895451,49923000,162.09560546875,153.9738882446289,165.73902893066406
2023-04-19,165.73902893066406,166.26304897753164,163.67259403000486,163.92967071563345,47720200,162.29335021972656,154.29287506103515,164.77008056640625
2023-04-20,164.77008056640625,165.9763194310247,163.69238005042013,164.21640012100644,52456400,162.57908935546874,154.53482940673828,163.1584930419922
2023-04-21,163.1584930419922,164.57235465877127,162.63447292379246,163.1881534195007,58337300,162.61468505859375,154.7984539794922,163.46499633789062
2023-04-24,163.46499633789062,163.73195482649055,162.041237847574,163.13871709330454,41949600,162.9409652709961,155.0889404296875,161.9225616455078
2023-04-25,161.9225616455078,164.43390199308925,161.88300442555024,163.3265412208214,48714100,163.23461151123047,155.34126190185546,161.91268920898438
2023-04-26,161.91268920898438,163.41554697412082,160.96352700012233,161.22058862196803,45498800,163.5964813232422,155.53722595214845,166.51025390625
2023-04-27,166.51025390625,166.65855579595313,163.32657592288362,163.32657592288362,64902300,163.87826843261718,155.8379946899414,167.76589965820312
2023-04-28,167.76589965820312,167.93399523157063,165.98621681699632,166.58933625125528,55275900,164.32022552490236,156.12175750732422,167.67691040039062
2023-05-01,167.67691040039062,168.52720964209172,166.7376300382773,167.370409816753,52472900,164.75130462646484,156.4357751464844,166.63876342773438
2023-05-02,166.63876342773438,168.42835824019505,165.65004401355455,168.17128153704527,48425700,164.95596771240236,156.7519677734375,165.56105041503906
2023-05-03,165.56105041503906,168.9919077307227,165.27432844465707,167.58792807875122,65136000,164.93816986083985,157.12708770751954,163.91978454589844
2023-05-04,163.91978454589844,165.15568380990734,162.45648404157697,163.0299431104764,81235400,164.85314025878907,157.46087951660155,171.61203002929688
2023-05-05,171.61203002929688,172.33379095243657,168.8337158986843,169.05123536921852,113453200,165.69849395751953,157.9388269042969,171.54281616210938
2023-05-08,171.54281616210938,171.88887398730245,170.1684967974759,170.53431814830344,55962800,166.50627593994142,158.4685821533203,169.8323211669922
2023-05-09,169.8323211669922,171.5823434942616,169.66424069363828,171.09788068478838,45326900,167.29725189208983,158.94020111083984,171.60214233398438
2023-05-10,171.60214233398438,172.06684167430913,169.96086445482297,171.06824047843108,53724500,168.26619720458984,159.4573013305664,171.78997802734375
2023-05-11,171.78997802734375,172.62049861686478,170.22779972610607,171.88885599180736,49514700,168.7941696166992,160.01968444824217,170.85931396484375
2023-05-12,170.85931396484375,172.33453386665053,169.30487018579348,171.89889318697968,45533100,169.10351104736327,160.55158935546876,170.36428833007812
2023-05-15,170.36428833007812,171.49298697857782,169.77023004875,171.44347960387887,37266700,169.37224884033202,160.97234893798827,170.36428833007812
2023-05-16,170.36428833007812,171.42367363249335,170.0969605927275,170.28507955206572,42110300,169.74480133056642,161.3377407836914,170.97808837890625
2023-05-17,170.97808837890625,171.21569953718372,168.73058715920473,170.00780756504747,57951600,170.28650512695313,161.7595053100586,173.3147430419922
2023-05-18,173.3147430419922,173.50286200077872,170.86922679282654,171.28506154552485,65496700,171.2260009765625,162.20289001464843,173.42361450195312
2023-05-19,173.42361450195312,174.6414170849176,173.20579418857395,174.6414170849176,55809500,171.40715942382812,162.69353729248047,172.47317504882812
2023-05-22,172.47317504882812,172.978129154019,171.73060970122336,172.25535467159494,43570900,171.5001953125,163.20650451660157,169.85931396484375
2023-05-23,169.85931396484375,171.66127945739515,169.5820908286863,171.41375772100255,50747300,171.50289459228514,163.62823852539063,170.1365203857422
2023-05-24,170.1365203857422,170.71077257065826,168.8296136019024,169.3939552495186,45143500,171.35633239746093,164.01359588623046,171.27516174316406
2023-05-25,171.27516174316406,172.17612946392208,169.9880455752579,170.70090944955888,56058300,171.30485076904296,164.41381561279297,173.6909637451172
2023-05-26,173.6909637451172,174.02760482348145,171.39396964747598,171.60189457506777,54835000,171.5880157470703,164.80579650878906,175.54241943359375
2023-05-30,175.54241943359375,177.21566879798618,174.81966018947244,175.20579349606086,55964400,172.10582885742187,165.2516146850586,175.492919921875
2023-05-31,175.492919921875,177.57210865507508,175.00777185545402,175.57212869440465,99625300,172.61869201660156,165.64898406982422,178.30474853515625
2023-06-01,178.30474853515625,178.33444993394386,175.17607026429087,175.93844141740337,68901800,173.35135803222656,166.0654150390625,179.15621948242188
2023-06-02,179.15621948242188,179.97799341291704,177.48297022337377,179.2354282464183,61996900,173.93550567626954,166.52754760742187,177.79981994628906
2023-06-05,177.79981994628906,183.1165821425977,176.275077551752,180.8195882273271,121946500,174.3731262207031,166.94080047607423,177.4334716796875
2023-06-06,177.4334716796875,178.3344392347369,175.67110318136787,178.18593224970854,64848400,174.86915588378906,167.32062377929688,176.05726623535156
2023-06-07,176.05726623535156,179.41366034455214,175.56222276728346,176.67111530134713,61944600,175.48895111083985,167.71187896728514,178.77999877929688
2023-06-08,178.77999877929688,179.04731136486936,175.70082791608735,176.1364534617516,50214900,176.35329895019532,168.1700469970703,179.16616821289062
2023-06-09,179.16616821289062,180.423567952115,178.83943765707895,179.70080859942686,48900000,177.14239959716798,168.57424224853514,181.96807861328125
2023-06-12,181.96807861328125,182.0670933538608,179.17604119777275,179.473070311983,54274900,177.97011108398436,169.00303436279296,181.4928436279297
2023-06-13,181.4928436279297,182.32451307330234,180.63147278147434,180.98790470199526,54929100,178.56515350341797,169.37209533691407,182.12648010253906
2023-06-14,182.12648010253906,182.56212075064622,180.21561965950994,181.5522278943548,57462900,179.22850952148437,169.72871520996094,184.1660919189453
2023-06-15,184.1660919189453,184.67104599748652,181.95820196536692,182.136425495302,65433200,179.81464385986328,170.13680541992187,183.08688354492188
2023-06-16,183.08688354492188,185.1363708565112,182.4433330473612,184.87893857146415,101256200,180.20771026611328,170.5602893066406,183.17596435546875
2023-06-20,183.17596435546875,184.2551705135613,182.58192130455032,182.58192130455032,49799100,180.74532470703124,170.96775787353516,182.13641357421875
2023-06-21,182.13641357421875,183.57203672168455,180.77998409317422,183.0670826761933,49515700,181.2156188964844,171.40644226074218,185.14627075195312
2023-06-22,185.14627075195312,185.19577812392734,181.84927919785179,181.91859254012144,51245300,182.12451934814453,171.92964569091797,184.82943725585938
2023-06-23,184.82943725585938,185.70071866604846,183.17599374881706,183.71064919871634,53117000,182.72946319580078,172.46035461425782,183.4334259033203
2023-06-26,183.4334259033203,186.18586660248252,183.39381396241686,184.9779592329188,48088700,183.15618896484375,172.8551754760742,186.1957550048828
2023-06-27,186.1957550048828,186.52248552112178,183.8294477274505,184.04726807160984,50730800,183.5789566040039,173.31216400146485,187.3739471435547
2023-06-28,187.3739471435547,188.0174975900725,185.7403097900696,186.0670251747448,51216800,184.1670669555664,173.79232055664062,187.71060180664062
2023-06-29,187.71060180664062,188.18585447217086,187.06705126158826,187.2056628454855,46347300,184.72547912597656,174.25468994140624,192.04718017578125
2023-06-30,192.04718017578125,192.5521191164762,189.3640377084909,189.7303801784341,85213200,185.51358795166016,174.7808529663086,190.55215454101562
2023-07-03,190.55215454101562,191.95807629669292,189.8590815409033,191.85906155166862,31458200,186.26011505126954,175.2964944458008,189.433349609375
2023-07-05,189.433349609375,191.06698713435688,188.7303811843197,189.6709759307026,46920300,186.88585357666017,175.82199157714842,189.90858459472656
2023-07-06,189.90858459472656,190.11650951153766,187.32445692665846,187.95811200082892,45094300,187.66307067871094,176.35086334228515,188.78977966308594
2023-07-07,188.78977966308594,190.7600582083635,188.35415407859097,189.51255404191053,46815000,188.0274215698242,176.88820770263672,186.7403106689453
2023-07-10,186.7403106689453,188.10663557063202,185.18586681905202,187.38386117936162,59922200,188.2185089111328,177.38476013183595,186.21554565429688
2023-07-11,186.21554565429688,187.42345287888426,184.75022127484863,187.28484131741655,46638100,188.49672088623046,177.77886596679687,187.8887939453125
2023-07-12,187.8887939453125,189.7996543975007,186.60167796269752,187.79967464320742,60750200,188.66602478027343,178.18132385253907,188.6511688232422
2023-07-13,188.6511688232422,189.29473443261006,187.89870814797314,188.61157199087162,41342300,188.7937469482422,178.60080902099608,188.79969787597656
2023-07-14,188.79969787597656,189.28483085110778,187.75020804300397,188.34425119556795,41616200,188.90265655517578,179.04402770996094,192.0669708251953
2023-07-17,192.0669708251953,192.39370132812152,189.9085734412509,189.9976776399959,50520200,188.90463562011718,179.57414611816407,191.80953979492188
2023-07-18,191.80953979492188,192.40359800546008,190.51252831302557,191.433317028607,48288200,189.0303741455078,180.13194122314454,193.1659698486328
2023-07-19,193.1659698486328,196.26493172677777,190.74024473686075,191.18579595006162,80507300,189.40363616943358,180.56302001953125,191.2154998779297
2023-07-20,191.2154998779297,194.52238670645607,190.5917402572243,193.1560618639693,59581200,189.5343276977539,180.95647369384767,190.03729248046875
2023-07-21,190.03729248046875,193.03725474426253,189.33432409540026,192.17588392818155,71951700,189.6590789794922,181.36057312011718,190.83924865722656
2023-07-24,190.83924865722656,192.9778399722658,190.34420521064493,191.49270963252084,45377800,190.0689727783203,181.74531524658204,191.7006378173828
2023-07-25,191.7006378173828,192.51251639930572,191.00757994716116,191.4135192381226,37283200,190.61748199462892,182.1435284423828,192.57191467285156
2023-07-26,192.57191467285156,193.70061320853526,191.40361930588426,191.75014067908202,47471900,191.0857940673828,182.57778045654297,191.30459594726562
2023-07-27,191.30459594726562,195.24513765991685,190.64123952357383,194.07684234558644,47460200,191.35113677978515,182.99658660888673,193.8887176513672
2023-07-28,193.8887176513672,194.6807901855661,192.21546838859783,192.7402132321551,48291400,191.86003875732422,183.4670751953125,194.50257873535156
2023-07-31,194.50257873535156,194.54219067365466,193.32437284504627,194.11644542830032,38824100,192.10359954833984,183.9375650024414,193.67091369628906
2023-08-01,193.67091369628906,194.77980627337752,193.34418318178373,194.29467332466547,35175100,192.28973693847655,184.34468841552734,190.67095947265625
2023-08-02,190.67095947265625,193.24517665133837,189.94820018063527,193.10656507331342,50389300,192.0402359008789,184.6896353149414,189.27491760253906
2023-08-03,189.27491760253906,190.46301890335675,188.79968010371752,189.67096144116343,61235200,191.84617767333984,185.02567016601563,180.18594360351562
2023-08-04,180.18594360351562,185.52251207833032,180.11663025996506,183.68094960257173,115956800,190.86104278564454,185.23220275878907,177.07704162597656
2023-08-07,177.07704162597656,181.31461219425503,175.59191133034085,180.3245253304979,97576100,189.48482208251954,185.37101318359376,178.0176239013672
2023-08-08,178.0176239013672,178.48296594319257,175.81962982094473,177.9087137403543,67823000,188.11652069091798,185.5058624267578,176.42361450195312
2023-08-09,176.42361450195312,179.13644336005612,175.25530392276485,179.07704055404358,60378500,186.50169067382814,185.56051544189452,176.2057647705078
2023-08-10,176.2057647705078,178.95820511217872,175.83943745613908,177.7007905335651,54686900,184.99180755615234,185.57378234863282,176.2652587890625
2023-08-11,176.2652587890625,177.0881424893324,175.03590276334816,175.7993034466227,52036700,183.22946166992188,185.58922912597657,177.92095947265625
2023-08-14,177.92095947265625,178.14898275911253,175.78938877461678,176.44373225185288,43675600,181.57129974365233,185.58155334472656,175.9281768798828
2023-08-15,175.9281768798828,177.94076628789648,175.53161335110406,177.34592099472832,43622600,179.79702606201172,185.51699249267577,175.05572509765625
2023-08-16,175.05572509765625,177.0088162608788,174.9863181633248,175.61092006059548,46964900,178.23550262451172,185.46211059570314,172.5077667236328
2023-08-17,172.5077667236328,175.9876593304517,171.9922220355352,175.62083731111454,66062900,176.55878753662108,185.36359649658203,172.9935760498047
2023-08-18,172.9935760498047,173.59834528388794,170.48527458580276,170.82235510894964,61172200,175.83955078125,185.3023226928711,174.33197021484375
2023-08-21,174.33197021484375,174.61949160968172,172.24998915809468,173.5685847246663,46311900,175.5650436401367,185.21336212158204,175.71005249023438
2023-08-22,175.71005249023438,176.15619021692956,174.73846130997606,175.541512243613,42038900,175.33428649902345,185.1442398071289,179.5666961669922
2023-08-23,179.5666961669922,179.9930163205811,176.80063007696822,176.98900304288458,52722800,175.64859466552736,185.09621215820312,174.8673553466797
2023-08-24,174.8673553466797,179.54687744583052,174.50051821034532,179.1205572949361,54945800,175.51475372314454,184.9637023925781,177.0782470703125
2023-08-25,177.0782470703125,177.6136093916348,174.31218067560857,175.85879974601767,51449600,175.59605255126954,184.8627377319336,178.64471435546875
2023-08-28,178.64471435546875,179.04127795174605,177.01877940604135,178.54556589243367,43820700,175.66842803955078,184.75231018066407,182.5409698486328
2023-08-29,182.5409698486328,183.31427930675537,177.9605961154563,178.1588778766287,53003900,176.32970733642577,184.74139190673827,186.0406951904297
2023-08-30,186.0406951904297,186.23899207960088,183.15566303930453,183.35394480054703,60813900,177.42820434570314,184.7986865234375,186.25880432128906
2023-08-31,186.25880432128906,187.49808420340318,185.87214960318659,186.22906281435257,60794500,178.80330810546874,184.8811343383789,187.835205078125
2023-09-01,187.835205078125,188.2912516644068,186.66531684562548,187.86494658905943,45766500,180.28747100830077,184.93491302490236,188.0731201171875
2023-09-05,188.0731201171875,188.350717612699,186.00104769428793,186.66529992482816,45280000,181.66158599853514,184.9997866821289,181.3413543701172
2023-09-06,181.3413543701172,187.2304149251444,179.91370149278592,186.78426205503195,81755800,182.22471618652344,184.95794525146485,176.03726196289062
2023-09-07,176.03726196289062,176.68169670899601,172.05173281818776,173.67766774803732,112488800,181.87177276611328,184.754775390625,176.6519012451172
2023-09-08,176.6519012451172,178.6942471635063,176.265246533602,176.82045661878996,65551300,182.05022735595702,184.54033447265624,177.82180786132812
2023-09-11,177.82180786132812,178.7537488345446,175.81912716109244,178.52572555213936,58953100,182.12458343505858,184.34255859375,174.78805541992188
2023-09-12,174.78805541992188,178.58521118121962,173.32075212571604,177.95070042200115,90370200,181.7389175415039,183.9973760986328,172.7159881591797
2023-09-13,172.7159881591797,175.77948480311008,172.48794973853728,174.99625134216151,84267900,180.75641937255858,183.6406527709961,174.2328643798828
2023-09-14,174.2328643798828,174.58977763559852,172.09138484558866,172.50778112260195,60895800,179.5756362915039,183.33664306640625,173.5091094970703
2023-09-15,173.5091094970703,174.98633670911127,172.32932763975032,174.9665039932106,109259500,178.30066680908203,183.0086535644531,176.44371032714844
2023-09-18,176.44371032714844,177.8416216381054,174.65914430549358,174.96648328990372,67257600,177.16151733398436,182.7617321777344,177.5343017578125
2023-09-19,177.5343017578125,178.08949677364237,175.61093679016653,175.99759154247158,51826900,176.10763549804688,182.57761199951173,173.98497009277344
2023-09-20,173.98497009277344,178.1588558667478,173.8957304525312,177.7226269693033,58436200,175.3719970703125,182.33300048828124,172.43836975097656
2023-09-21,172.43836975097656,174.78805492740332,172.3689779372214,173.0530629204369,63149100,175.0121078491211,182.02399200439453,173.2909698486328
2023-09-22,173.2909698486328,175.56133895987557,172.5573258740407,173.17200382635897,56725400,174.67601470947267,181.71678802490234,174.56993103027344
2023-09-25,174.56993103027344,175.4522977411563,172.65647493916612,172.70604916227998,46172700,174.3508270263672,181.43219268798828,170.4852752685547
2023-09-26,170.4852752685547,173.69747930093746,170.1878450472042,173.32074847329434,64588900,173.92054901123046,181.00055877685546,168.96836853027344
2023-09-27,168.96836853027344,171.55598552227247,167.60021383109716,171.1395892983555,66921800,173.54578704833983,180.5437353515625,169.22616577148438
2023-09-28,169.22616577148438,170.55467030699108,166.18248681585104,167.88773731405627,56294400,173.0451171875,180.06493927001952,169.74169921875
2023-09-29,169.74169921875,171.58574835004075,168.87915010499984,170.54475018871184,51861100,172.66837615966796,179.63546325683595,172.2598876953125
2023-10-02,172.2598876953125,172.80517381863842,169.46406527821966,169.7515866559401,52164500,172.24999389648437,179.2799151611328,170.92147827148438
2023-10-03,170.92147827148438,172.14094058886474,169.35504178574476,170.78267952738358,49594600,171.58871154785157,178.88155975341797,172.17068481445312
2023-10-04,172.17068481445312,172.71597100628938,169.50375199905025,169.62271803074952,53020300,171.40728302001952,178.49096069335937,173.40997314453125
2023-10-05,173.40997314453125,173.94533544106068,171.19908676207933,172.29956799243436,48527900,171.504443359375,178.10772186279297,175.96786499023438
2023-10-06,175.96786499023438,176.46357702906525,171.6948145080504,172.30950772319366,57266700,171.77213287353516,177.80098724365234,177.45498657226562
2023-10-09,177.45498657226562,177.51446959158443,174.2923416030924,175.29367439346143,42390800,172.06063842773438,177.47231262207032,176.860107421875
2023-10-10,176.860107421875,178.17870301308767,176.4238784890915,176.5726011495921,43698000,172.6981216430664,177.1194631958008,178.2580108642578
2023-10-11,178.2580108642578,178.30758508223448,176.07688142463152,176.6717266565692,47551100,173.62708587646483,176.81120513916017,179.1602020263672
2023-10-12,179.1602020263672,180.7762125376352,177.50451096342908,178.52569139781235,56743100,174.62048950195313,176.58098999023437,177.316162109375
2023-10-13,177.316162109375,180.36973426316322,176.61224451765878,179.8641135443321,51427100,175.37793579101563,176.3418148803711,177.1873016357422
2023-10-16,177.1873016357422,177.54421488719547,174.99624790055657,175.2341951108354,52517000,175.87067718505858,176.28184204101564,175.63075256347656
2023-10-17,175.63075256347656,176.88986525789463,173.3009152798367,175.1350405719026,57549400,176.34160461425782,176.2529162597656,174.33197021484375
2023-10-18,174.33197021484375,176.0570532000882,173.608235023302,174.07420545389226,54764400,176.55773315429687,176.17920318603515,173.9552764892578
2023-10-19,173.9552764892578,176.31485552292168,173.68758775067354,174.53028914557814,59302900,176.61226348876954,176.12983642578126,171.39739990234375
2023-10-20,171.39739990234375,173.91561041088508,171.1594526769345,173.80655315689722,64244000,176.15521697998048,176.03366912841796,171.516357421875
2023-10-23,171.516357421875,172.51769024747387,168.47267838425373,169.44428482707696,55980100,175.5613540649414,175.93869110107423,171.95257568359375
2023-10-24,171.95257568359375,172.18059896074934,169.97963653831403,171.56592094062157,43816600,175.0706008911133,175.81932342529296,169.6326446533203
2023-10-25,169.6326446533203,171.57582713235345,169.1864917714858,170.40595412753765,57157000,174.20806427001952,175.69341278076172,165.45875549316406
2023-10-26,165.45875549316406,169.91025482669738,164.24921696829185,168.90890687614655,70625300,172.83791961669922,175.50147338867188,166.77735900878906
2023-10-27,166.77735900878906,167.5110182699133,165.39928015046561,165.47859589177074,58499100,171.78403930664064,175.386865234375,168.82955932617188
2023-10-30,168.82955932617188,169.70201714769797,167.4217392864812,167.5704619394744,51131000,170.9482650756836,175.30358489990235,169.30548095703125
2023-10-31,169.30548095703125,169.43435579022267,166.4600837859852,167.89766069037708,44846000,170.31573791503905,175.2030551147461,172.47802734375
2023-11-01,172.47802734375,172.73579212701503,168.66103905073186,169.5334969755198,56934900,170.13034362792968,175.13841461181642,176.0471649169922
2023-11-02,176.0471649169922,176.25535548295753,173.95525969593038,174.01474271477764,77334800,170.33953247070312,175.0680239868164,175.13504028320312
2023-11-03,175.13504028320312,175.30359567263832,171.8633532465518,172.74571998498175,79829200,170.71329650878906,175.0733776855469,177.6929168701172
2023-11-06,177.6929168701172,177.8911986418375,174.69882732290304,174.86736758526175,63841300,171.3309524536133,175.08567108154296,180.26071166992188
2023-11-07,180.26071166992188,180.87538968418906,177.4351473327296,177.64333789269085,70530000,172.1617660522461,175.11799102783203,181.32151794433594
2023-11-08,181.32151794433594,181.87671291239437,180.0326638382413,180.7861556902591,49340300,173.33065338134764,175.0936019897461,180.84564208984375
2023-11-09,180.84564208984375,182.54096853276508,180.2507816826859,181.3909282750837,53763500,174.8693420410156,174.98970092773436,185.04489135742188
2023-11-10,185.04489135742188,185.2136688107188,182.19576071339824,182.63256439705196,66133400,176.69609527587892,174.96542266845702,183.45652770996094
2023-11-13,183.45652770996094,184.67758150620577,182.87082057942214,184.46911666550656,43627500,178.1587921142578,174.87784912109376,186.07733154296875
2023-11-14,186.07733154296875,186.74245888927783,184.94561983989882,186.33543591459554,60108400,179.83597717285156,174.8379333496094,186.64315795898438
2023-11-15,186.64315795898438,188.12233108140188,186.41483430514052,186.48433267466453,53790500,181.252490234375,174.94396942138673,188.3308563232422
2023-11-16,188.3308563232422,189.57176909575145,187.2785495679511,188.1918746986356,54412900,182.480859375,175.18984130859374,188.31097412109375
2023-11-17,188.31097412109375,188.99596031021713,187.19912126214516,188.86690055056806,50922700,183.79845275878907,175.4230227661133,190.05816650390625
2023-11-20,190.05816650390625,190.51482899547432,188.49958819031184,188.50951003765908,46505100,185.03497772216798,175.66774993896485,189.25405883789062
2023-11-21,189.25405883789062,190.12766614172318,188.36060783923182,190.0184652287441,38134500,185.93431243896484,175.9570700073242,189.91917419433594
2023-11-22,189.91917419433594,191.52739194971423,189.44266803493824,190.09787347152113,39617700,186.79407806396483,176.30113372802734,188.5889434814453
2023-11-24,188.5889434814453,189.51217522879531,187.87417657801197,189.48239453680722,24048300,187.568408203125,176.5882553100586,188.4102325439453
2023-11-27,188.4102325439453,189.28383984926063,187.52670339120002,188.53929229982836,40552600,187.90494232177736,176.8862777709961,189.0157928466797
2023-11-28,189.0157928466797,189.6908571482296,188.0230628104096,188.40030507150686,38415400,188.46086883544922,177.13771942138672,187.99331665039062
2023-11-29,187.99331665039062,190.69354405683197,187.596230622092,189.51219267303125,43014200,188.6524673461914,177.34689971923828,188.569091796875
2023-11-30,188.569091796875,188.93641225844013,186.82189215984647,188.45989087281944,48794400,188.84506072998047,177.6385821533203,189.84970092773438
2023-12-01,189.84970092773438,190.1673666680402,187.85430382511626,188.94631294335792,45704800,188.9969451904297,177.98680877685547,188.0528564453125
2023-12-04,188.0528564453125,188.66835941071503,186.08725507958516,188.59886103241988,43389500,188.97113342285155,178.28204650878905,192.01385498046875
2023-12-05,192.01385498046875,192.9867262414063,188.79740398889692,188.82719982806023,66628400,189.1667022705078,178.63092498779298,190.92185974121094
2023-12-06,190.92185974121094,193.3441084564195,190.71337975554792,193.03636454966008,41089700,189.33348236083984,179.0396566772461,192.85768127441406
2023-12-07,192.85768127441406,193.5823700079149,192.18261692775607,192.22233461466143,47477700,189.62733306884766,179.51744293212892,194.2872314453125
2023-12-08,194.2872314453125,194.56519468567552,192.26205338225554,192.78819916921847,53406400,190.19716186523436,180.01866424560546,191.7755889892578
2023-12-11,191.7755889892578,192.08334803730577,190.0283895071003,191.70610576075973,60943700,190.53369750976563,180.45934204101562,193.29446411132812
2023-12-12,193.29446411132812,193.30438595805555,190.32619597120942,191.67630937116064,52696900,190.96156463623046,180.88003356933595,196.52084350585938
2023-12-13,196.52084350585938,196.5605460420224,193.43345250504257,193.67169801773704,70404200,191.81431732177734,181.39202087402344,196.66978454589844
2023-12-14,196.66978454589844,198.16880172529363,194.73396364592156,196.58044246155973,66831600,192.6243865966797,181.88200286865234,196.13368225097656
2023-12-15,196.13368225097656,196.95763485816647,195.56781885438525,196.09396456637802,128538400,193.2527847290039,182.33647705078124,194.46591186523438
2023-12-18,194.46591186523438,195.20053764226134,192.97681661429394,194.66445486912104,55751900,193.8940902709961,182.70643798828124,195.50827026367188
2023-12-19,195.50827026367188,195.5181921115413,194.46590061872467,194.73394198979324,40714100,194.2435317993164,183.06750366210937,193.41360473632812
2023-12-20,193.41360473632812,196.24287639656293,193.41360473632812,195.46854814025792,52242800,194.49270629882812,183.39857360839844,193.2646942138672
2023-12-21,193.2646942138672,195.64725561182692,192.09327993279487,194.674384326953,46482500,194.53340759277344,183.69870727539063,192.19256591796875
2023-12-22,192.19256591796875,193.9894050921648,191.56714106698067,193.76106624785666,37149600,194.32394104003907,183.95935455322265,191.64654541015625
2023-12-26,191.64654541015625,192.48043504376977,191.42814358023,192.20247183256527,28919300,194.3110366821289,184.2459622192383,191.74581909179688
2023-12-27,191.74581909179688,192.09328069742187,189.7007974418798,191.09062871652011,48087700,194.1561721801758,184.53713256835937,192.1726837158203
2023-12-28,192.1726837158203,193.24483398097485,191.7656607623355,192.72861011674675,34049900,193.7213562011719,184.86797119140624,191.13034057617188
2023-12-29,191.13034057617188,192.98674116771573,190.33615340163328,192.49037607711168,42672100,193.16741180419922,185.20393859863282,184.29042053222656
2024-01-02,184.29042053222656,187.07006792285642,182.55314280656535,185.78943757371047,82488700,191.98308563232422,185.4106414794922,182.9105224609375
2024-01-03,182.9105224609375,184.52867738484042,182.0964765011294,182.88074176951616,58414500,190.82754669189453,185.64090393066405,180.58753967285156
2024-01-04,180.58753967285156,181.7589539428833,179.5650288616003,180.82578520690032,71983600,189.3354736328125,185.8223275756836,179.8628387451172
2024-01-05,179.8628387451172,181.43135417752765,178.86018676112266,180.66696287937032,62379700,187.98039703369142,185.98053283691405,184.21099853515625
2024-01-08,184.21099853515625,184.2507162227342,180.18051667398524,180.76622380895435,59144500,187.0750274658203,186.27209991455078,183.7940673828125
2024-01-09,183.7940673828125,183.80398923151574,181.40158398145778,182.58293533514995,42841800,186.23517761230468,186.63880615234376,184.83642578125
2024-01-10,184.83642578125,185.0448906262594,182.58292413922769,183.00980597306068,46792900,185.55416564941407,186.99998748779296,184.24078369140625
2024-01-11,184.24078369140625,185.69017636593313,182.28510409693843,185.1838742981323,49128400,184.803662109375,187.30821197509766,184.56838989257812
2024-01-12,184.56838989257812,185.38243589635255,183.84370111575322,184.70737150933715,40477800,184.0432327270508,187.6134701538086,182.29502868652344
2024-01-16,182.29502868652344,182.92043833380222,179.61464536328148,180.83571426310817,65603000,183.15970153808593,187.80981018066407,181.35194396972656
2024-01-17,181.35194396972656,181.60012651740652,178.98925641635856,179.95220591318565,47317400,182.86585388183593,187.91590576171876,187.25868225097656
2024-01-18,187.25868225097656,187.76496914507203,184.47903496158258,184.73713933247967,78005800,183.30066986083983,188.15837860107422,190.16738891601562
2024-01-19,190.16738891601562,190.55455307634924,187.44731794521132,187.95360487861367,68903000,184.25865478515624,188.40786804199217,192.48045349121094
2024-01-22,192.48045349121094,193.90998737033232,190.86229845472488,190.9020161446229,60133900,185.52041625976562,188.65226287841796,193.7610626220703
2024-01-23,193.7610626220703,194.3269260762536,192.42088601370864,193.60223731108647,42355600,186.47542266845704,188.90105377197267,193.0860137939453
2024-01-24,193.0860137939453,194.95235131957728,192.9271733347724,193.9993237123997,53631300,187.4046173095703,189.1458612060547,192.75840759277344
2024-01-25,192.75840759277344,194.84314692565724,191.70611607825748,193.80077725921535,54822100,188.19681549072266,189.30013153076172,191.02113342285156
2024-01-26,191.02113342285156,193.34411833566054,190.54462719280716,192.85769025735726,44594000,188.87485046386718,189.45142364501953,190.3361358642578
2024-01-29,190.3361358642578,190.80272021826386,188.20177223046258,190.614099077556,47145600,189.45162506103514,189.5365997314453,186.6729736328125
2024-01-30,186.6729736328125,190.40564874926815,186.10712531543376,189.55190020112778,55859400,189.88941955566406,189.53719604492187,183.05941772460938
2024-01-31,183.05941772460938,185.73980101543498,183.00979333970113,185.68022448739953,55467800,190.06016693115234,189.43176727294923,185.50155639648438
2024-02-01,185.50155639648438,185.59089847447947,182.48366340616798,182.6524257138898,64885400,189.88445434570312,189.37557891845702,184.4989013671875
2024-02-02,184.4989013671875,185.96813772334343,177.9468764270477,178.55244241438749,102551700,189.3176055908203,189.26439361572267,186.3155975341797
2024-02-05,186.3155975341797,187.8741912264236,184.48897759314517,186.78218194218513,69668800,188.70111999511718,189.20562438964845,187.923828125
2024-02-06,187.923828125,187.93374997367698,185.4122219544124,185.50156403608693,43490800,188.11739654541014,189.16571746826173,188.03302001953125
2024-02-07,188.03302001953125,189.66109684812312,187.23883287556598,189.2540738540102,53439000,187.61209716796876,189.15459899902345,186.95094299316406
2024-02-08,186.95094299316406,188.16205980044833,185.98799356738817,188.0131563419714,40962000,187.0313507080078,189.1254132080078,187.71632385253906
2024-02-09,187.71632385253906,188.84947973129314,186.87142040616737,187.5175123353768,45155200,186.70086975097655,189.099423828125,186.02651977539062
2024-02-12,186.02651977539062,187.53739935899367,185.66868027314752,187.288900125969,41781900,186.26990814208983,189.060087890625,183.92916870117188
2024-02-13,183.92916870117188,185.09215835173688,182.4083547485107,184.6547973151463,56529500,185.9955276489258,188.96728942871093,183.0445098876953
2024-02-14,183.0445098876953,184.41623036442274,181.34478380471282,184.20749952407863,54630500,185.99403686523436,188.83118560791016,182.75625610351562
2024-02-15,182.75625610351562,183.3824789542038,180.26132954316023,182.4481195157763,65434500,185.7195068359375,188.72525360107423,181.21556091308594
2024-02-16,181.21556091308594,183.7403213725013,180.57940354414131,182.31889800876044,49752500,185.39117279052735,188.50928771972656,180.47006225585938
2024-02-20,180.47006225585938,181.33483464555084,178.91942962585208,180.69867728023533,53665600,184.8066192626953,188.30025177001954,181.2255401611328
2024-02-21,181.2255401611328,181.79211056369627,179.57550150245584,180.84781644796348,41371400,184.13679046630858,188.0676089477539,183.26319885253906
2024-02-22,183.26319885253906,183.84966853541172,181.36467634977905,182.37854224114136,52292200,183.65980834960936,187.84712829589844,181.42431640625
2024-02-23,181.42431640625,183.92917764586625,181.13604881484736,183.89935895257477,45119700,183.10714569091797,187.64010284423827,180.07247924804688
2024-02-26,180.07247924804688,181.66286516303873,179.56553112991756,181.1459977034405,40867400,182.34276123046874,187.37566314697267,181.53363037109375
2024-02-27,181.53363037109375,182.81587949842793,178.48205308405986,180.01281656480094,54318900,181.89347229003906,187.07591888427734,180.33091735839844
2024-02-28,180.33091735839844,182.02070906977036,179.0486680197237,181.4143703487687,48953900,181.5336471557617,186.74914154052735,179.66493225097656
2024-02-29,179.66493225097656,181.47401381447335,178.45225486971108,180.18181486443112,136682600,181.19568939208983,186.41976654052735,178.58148193359375
2024-03-01,178.58148193359375,179.44625436004063,176.31517027538303,178.47214167082092,73563100,180.77821197509766,186.10207794189452,174.04885864257812
2024-03-04,174.04885864257812,175.838040881393,172.74670999766127,175.09254322615726,81510100,180.06154174804686,185.67288970947266,169.09873962402344
2024-03-05,169.09873962402344,171.00721175997333,168.60174119797853,169.73489700267342,95132400,178.92440948486328,185.18659240722656,168.10475158691406
2024-03-06,168.10475158691406,170.2120353375331,167.6673905223103,170.03310800783655,68587700,177.6123306274414,184.6833935546875,167.9854736328125
2024-03-07,167.9854736328125,169.70508399774383,167.47854068144582,168.13456709874717,71765100,176.08455810546874,184.19925170898438,169.705078125
2024-03-08,169.705078125,172.6572499858552,167.92583043526673,167.9854678195768,76267000,174.91263427734376,183.76042236328124,171.71295166015625
2024-03-11,171.71295166015625,173.33317133974063,171.01715691552084,171.90181348381185,60139500,174.0766815185547,183.35976501464845,172.19009399414062
2024-03-12,172.19009399414062,172.98529461802354,169.9834194672809,172.1105724150333,59825400,173.14232788085937,182.96011322021485,170.10267639160156
2024-03-13,170.10267639160156,172.15030736266894,169.73488726374302,171.7328305288075,52488700,172.1195037841797,182.53955993652343,171.96145629882812
2024-03-14,171.96145629882812,173.26358975503445,171.0171623179081,171.87200022180366,72913500,171.34915618896486,182.29298065185546,171.58372497558594
2024-03-15,171.58372497558594,171.58372497558594,169.2677105816515,170.14243263043366,121752700,170.64938049316407,182.06644470214843,172.67713928222656
2024-03-18,172.67713928222656,176.64319229534289,172.4783429395777,174.51603957790343,75604200,170.5122085571289,181.90823669433593,175.02297973632812
2024-03-19,175.02297973632812,175.54979689128342,171.9912860926869,173.29341963294198,55215200,171.10463256835936,181.81143951416016,177.597412109375
2024-03-20,177.597412109375,177.597412109375,174.0389016316341,174.66512448913912,53423100,172.05389862060548,181.67916778564452,170.3412322998047
2024-03-21,170.3412322998047,176.42450322724187,169.81441519205438,175.98714219427453,106181300,172.2894744873047,181.41011108398436,171.24578857421875
2024-03-22,171.24578857421875,172.0111704512642,169.0391141931604,170.7289059277682,71160100,172.44354553222655,181.13829833984374,169.82437133789062
2024-03-25,169.82437133789062,170.90782428626645,168.43276661931924,169.54605342761408,54288300,172.2546875,180.84997009277345,168.6912078857422
2024-03-26,168.6912078857422,170.39093396328443,168.56198344496033,168.97946029150032,57388400,171.90479888916016,180.5324264526367,172.2696075439453
2024-03-27,172.2696075439453,172.55787515067234,169.08882036385705,169.38702247981306,60273300,172.12149200439453,180.33191802978516,170.45057678222656
2024-03-28,170.45057678222656,171.1960744249358,169.4863986176142,170.71896018041463,65672700,171.97040405273438,180.11389068603515,169.00927734375
2024-04-01,169.00927734375,170.22195467216173,168.46257606173032,170.16231728997553,46240500,171.71295928955078,179.74890258789063,167.82643127441406
2024-04-02,167.82643127441406,168.3234297194346,167.22009256480143,168.0649959882119,49329500,171.22788848876954,179.3020834350586,168.63156127929688
2024-04-03,168.63156127929688,169.6553768320082,167.56799252573734,167.7767233727702,47691700,170.5887466430664,178.8251055908203,167.8065643310547
2024-04-04,167.8065643310547,170.88794562795422,167.8065643310547,169.2677258236611,53704400,169.6096618652344,178.306015625,168.56198120117188
2024-04-05,168.56198120117188,169.3671161921521,167.93575835610383,168.57191570910442,42104800,169.4317367553711,177.81553497314454,167.4387664794922
2024-04-08,167.4387664794922,168.18426411757292,167.23003563445502,168.01528647300387,37425500,169.05103454589843,177.3091421508789,168.65145874023438
2024-04-09,168.65145874023438,169.05900112515698,167.33939066831408,167.6872804964856,42373800,168.93374328613282,176.86174865722657,166.77279663085938
2024-04-10,166.77279663085938,168.0749301271986,166.1068205360595,167.78667770328389,49709300,168.74190216064454,176.39048187255858,173.9892120361328
2024-04-11,173.9892120361328,174.4067040844594,167.1505236254001,167.3294357885208,91070300,168.9138626098633,176.136806640625,175.49014282226562
2024-04-12,175.49014282226562,177.2892746522008,173.16419388744958,173.21388159504414,101670900,169.41781921386718,175.98542114257813,171.65330505371094
2024-04-15,171.65330505371094,175.56965476374435,171.46444324020368,174.3072746159751,73531800,169.68222198486328,175.70845611572267,168.36317443847656
2024-04-16,168.36317443847656,172.7168698915991,167.25983743883052,170.71894188345593,73711200,169.73589630126952,175.38574157714845,166.99147033691406
2024-04-17,166.99147033691406,169.62555591523414,166.99147033691406,168.59180586766368,50901200,169.57188720703124,174.99925903320312,166.03721618652344
2024-04-18,166.03721618652344,167.62761710838,165.55016746918514,167.02127846323074,43122900,169.39495239257812,174.5615267944336,164.0094757080078
2024-04-19,164.0094757080078,165.40106519259456,163.0950004513954,165.21221853676252,68149400,168.93970184326173,174.08105590820313,164.8444366455078
2024-04-22,164.8444366455078,166.2559103754066,163.78086788564391,164.52636553527142,48116400,168.68026885986328,173.63892578125,165.8980712890625
2024-04-23,165.8980712890625,166.0471799196536,163.92996173620628,164.3573882766078,49537800,168.4049301147461,173.20256072998046,168.00535583496094
2024-04-24,168.00535583496094,168.2836737462142,165.21222704669103,165.540232667877,48251800,168.52818603515624,172.84213745117188,168.87014770507812
2024-04-25,168.87014770507812,169.5858267499,167.1405874855602,168.5123081826672,50558300,168.0162796020508,172.54095703125,168.28366088867188
2024-04-26,168.28366088867188,170.31140768247312,168.16437095925713,168.86018085141623,44838400,167.2956314086914,172.24574005126954,172.4584503173828
2024-04-29,172.4584503173828,174.97326108846298,172.06085765153782,172.3292258757486,68169400,167.3761459350586,172.03978393554686,169.3074951171875
2024-04-30,169.3074951171875,173.93952434742974,168.97947431756717,172.2894858404387,65934800,167.4705780029297,171.80162261962892,168.28366088867188
2024-05-01,168.28366088867188,171.67319360904702,168.0947990703537,168.56197877866052,50383100,167.59979705810548,171.55789459228515,171.99127197265625
2024-05-02,171.99127197265625,172.37893013348045,169.8641193422282,171.4743893691613,94214900,168.19520263671876,171.37320922851563,182.2791748046875
2024-05-03,182.2791748046875,185.87743909298658,181.56349575095425,185.5295340759363,163224100,170.0221725463867,171.35352874755858,180.61917114257812
2024-05-06,180.61917114257812,183.09421354898845,179.33690673477625,181.2553285088154,78569700,171.59964599609376,171.33742584228514,181.30503845214844
2024-05-07,181.30503845214844,183.79003083864822,180.2315350883076,182.34873828791632,77305800,173.14034271240234,171.3620770263672,181.6429901123047
2024-05-08,181.6429901123047,181.97101089337855,180.36072568018065,181.75233037266264,45057100,174.5041061401367,171.3642642211914,183.46202087402344
2024-05-09,183.46202087402344,183.55147695770702,181.0167817496789,181.46407733528633,48983000,175.96329345703126,171.4268862915039,182.1979217529297
2024-05-10,182.1979217529297,184.22841905381327,181.28220609270682,184.039301056681,50759500,177.35471954345704,171.47754608154298,185.4128875732422
2024-05-13,185.4128875732422,186.22907786103977,183.76061103045285,184.57680131825043,72044800,178.65016326904296,171.61417419433593,186.55751037597656
2024-05-14,186.55751037597656,187.4234708736874,185.42281765723527,186.63713980034996,52393600,180.3751647949219,171.8643472290039,188.83688354492188
2024-05-15,188.83688354492188,189.76254724660947,186.4978163614719,187.03531124896162,70400000,182.43048706054688,172.25911010742186,188.95631408691406
2024-05-16,188.95631408691406,190.21045865928463,188.7771592552961,189.58338637309936,52845200,184.12699127197266,172.67614135742187,188.9861602783203
2024-05-17,188.9861602783203,189.92178705781208,188.29936976198016,188.62783545187153,41282900,184.79768981933594,173.09615509033202,190.15072631835938
2024-05-20,190.15072631835938,191.02663488992152,188.1301769262196,188.44869465688268,44361300,185.75084533691407,173.50506805419923,191.4546356201172
2024-05-21,191.4546356201172,191.83285642957057,190.03128423275254,190.20049107683238,42309400,186.76580505371095,173.89990173339845,190.01136779785156
2024-05-22,190.01136779785156,191.92244369758092,189.38431073139583,191.37500087150013,34648500,187.60264282226564,174.25632720947266,186.0100860595703
2024-05-23,186.0100860595703,190.11090276702717,185.76124979940406,190.09099161364105,51005900,187.85744934082032,174.57447540283204,189.0956573486328
2024-05-24,189.0956573486328,189.6928704821682,187.16468542966413,187.94106857836448,36327000,188.54722290039064,174.91715942382814,189.10562133789062
2024-05-28,189.10562133789062,192.10160462638697,188.21976480489596,190.61853495727325,52280100,188.91649627685547,175.26759735107422,189.4042205810547
2024-05-29,189.4042205810547,191.35510374397245,188.6278525845266,188.7273931739324,53068000,189.20116729736327,175.60213897705077,190.39956665039062
2024-05-30,190.39956665039062,191.2854232244703,189.7426503955058,189.8720349370489,49889100,189.35743560791016,175.90967071533203,191.3551025390625
2024-05-31,191.3551025390625,191.67362027294615,189.02599856414395,190.5488754083416,75158300,189.597314453125,176.18482452392578,193.12681579589844
2024-06-03,193.12681579589844,194.08235381042343,191.62385010600926,192.00207093054578,50080500,190.01138000488282,176.64053619384765,193.44532775878906
2024-06-04,193.44532775878906,194.41081372828987,192.13146492648488,193.73397115741048,47471400,190.3408401489258,177.08452697753907,194.95823669433594
2024-06-05,194.95823669433594,195.9834409155792,193.96289161058436,194.49042328995185,54156800,190.69120025634766,177.58720428466796,193.57470703125
2024-06-06,193.57470703125,195.58530834672572,193.2661524862918,194.77908126144504,41181800,191.0475341796875,178.08487426757813,195.97349548339844
2024-06-07,195.97349548339844,196.02326577578603,193.23629646745044,193.7439169991778,53103900,192.04387512207032,178.5589520263672,192.22103881835938
2024-06-10,192.22103881835938,196.3815891899795,191.25555286655262,195.98344204153506,97010200,192.35641326904297,178.99436126708986,206.18572998046875
2024-06-11,206.18572998046875,206.19569315156764,192.72867525564521,192.74857122232135,172373300,194.06442413330078,179.73789031982423,212.0782012939453
2024-06-12,212.0782012939453,219.1750019825869,205.9369082694312,206.40472171133436,198134300,196.33182220458986,180.62292572021485,213.24273681640625
2024-06-13,213.24273681640625,215.74104751612717,210.61502639534655,213.74040935969603,97862700,198.61613922119142,181.51514923095704,211.50086975097656
2024-06-14,211.50086975097656,214.16838712685717,210.31640674162668,212.8545395919822,70122700,200.6307159423828,182.38903533935547,215.6614227294922
2024-06-17,215.6614227294922,217.9308083607288,211.72981259041407,212.37678083551464,93728300,202.8841766357422,183.33102416992188,213.29248046875
2024-06-18,213.29248046875,217.61228945527094,212.008492058615,216.5771221156608,79943300,204.86889190673827,184.24809844970704,208.70396423339844
2024-06-20,208.70396423339844,213.24275088537271,207.87784112226225,212.93418113045576,86172500,206.24346466064452,185.0491485595703,206.52415466308594
2024-06-21,206.52415466308594,210.90366690915465,206.14591867526494,209.41064929966387,241805100,207.5384094238281,185.84417572021485,207.17112731933594
2024-06-24,207.17112731933594,211.70989851928564,205.6283393856244,206.75308420226276,80727000,208.65817260742188,186.5078140258789,208.0968017578125
2024-06-25,208.0968017578125,210.3960464470149,207.6389363414956,208.1764159984445,55549700,210.2457489013672,187.15994720458986,212.25733947753906
2024-06-26,212.25733947753906,213.8598456726642,209.65948819693895,210.51548557795786,66213200,210.85290985107423,187.9720278930664,213.1033935546875
2024-06-27,213.1033935546875,214.73575892320002,211.36153961685812,213.69064352295018,49772700,210.95542907714844,188.86683227539064,209.6395721435547
2024-06-28,209.6395721435547,215.0642148828325,209.3210696212814,214.76560832661605,82542700,210.5951126098633,189.71979431152343,215.7410430908203
2024-07-01,215.7410430908203,216.4974998735104,210.933524598722,211.10273143743845,60402900,211.01912994384764,190.71387084960938,219.24465942382812
2024-07-02,219.24465942382812,219.35414798734178,214.09872731420612,215.1438274713018,58046200,211.37745361328126,191.81857452392578,220.51870727539062
2024-07-03,220.51870727539062,220.51870727539062,218.01043340115498,218.97591935149836,37369800,212.1000762939453,192.93205993652344,225.2864227294922
2024-07-05,225.2864227294922,225.39591130599268,220.61825143978487,220.61825143978487,60412400,213.7583221435547,194.11982696533204,226.75953674316406
2024-07-08,226.75953674316406,226.78939588229815,222.21080217009418,226.0329238568709,59085900,215.7818603515625,195.2949105834961,227.61550903320312
2024-07-09,227.61550903320312,228.33215871662,225.3162642938077,226.8690002119573,48076100,217.82629852294923,196.4698178100586,231.8955078125
2024-07-10,231.8955078125,231.9950484021832,228.18287467129386,228.23264496613547,62627700,220.20616912841797,197.74205474853517,226.5106964111328
2024-07-11,226.5106964111328,231.30825199534104,224.7190721562944,230.31290687462652,64710600,221.63150482177736,198.82309967041016,229.4668426513672
2024-07-12,229.4668426513672,231.55707334519846,227.61550023869842,227.85438851986095,53046500,223.26784973144532,200.02628662109376,233.3088836669922
2024-07-15,233.3088836669922,236.12571210202407,232.00498402552307,235.37920328245679,62631300,225.63478088378906,201.32679107666016,233.72695922851562
2024-07-16,233.72695922851562,235.17020668202304,231.24854429696344,233.90611406831457,43234300,227.4333724975586,202.56150482177733,227.81460571289062
2024-07-17,227.81460571289062,230.38259805534622,225.58502708071103,228.3819445580284,57345900,228.29036712646484,203.4722134399414,223.13645935058594
2024-07-18,223.13645935058594,229.3673294560276,221.23536173419896,229.20807059344992,66034600,228.55214233398436,204.32255920410157,223.26585388183594
2024-07-19,223.26585388183594,225.74426861436035,222.24064965794977,223.77348959602472,49151500,228.35008544921874,205.1617755126953,222.91751098632812
2024-07-22,222.91751098632812,226.71972163861233,222.05155036063144,225.95330160503406,48201800,227.96588287353515,205.9872659301758,223.96258544921875
2024-07-23,223.96258544921875,225.88360930378687,221.64342964759248,223.32556522126958,39960300,227.60059051513673,206.79727722167968,217.522705078125
2024-07-24,217.522705078125,223.75357494115906,216.1192800710717,222.9572958470105,61777600,226.1633102416992,207.5037728881836,216.4776153564453
2024-07-25,216.4776153564453,219.8219755631398,213.62096453779796,217.91089956980477,51391200,225.16000213623047,208.12506744384766,216.94541931152344
2024-07-26,216.94541931152344,218.46829606182757,215.0044842643322,217.6819649471348,41601300,223.9078598022461,208.7328256225586,217.22412109375
2024-07-29,217.22412109375,218.27918447457574,214.74570631572197,215.95008057489312,36311800,222.29938354492188,209.30057037353515,217.78152465820312
2024-07-30,217.78152465820312,219.30440154226625,215.11399172426283,218.16970866418467,41643800,220.70484008789063,209.87707458496095,221.04623413085938
2024-07-31,221.04623413085938,222.77814001369308,219.60298682237814,220.40921389598267,50036300,220.0280029296875,210.51827606201172,217.34356689453125
2024-08-01,217.34356689453125,223.43507433375405,216.00980804268707,223.32558576007955,62501000,219.44871368408204,211.06213287353515,218.83657836914062
2024-08-02,218.83657836914062,224.54986481713928,216.69659243938975,218.12987665236415,105568600,219.0057861328125,211.60977172851562,208.29586791992188
2024-08-05,208.29586791992188,212.506173331003,195.0876345333798,198.16324716744046,119548600,217.5436218261719,211.97546173095702,206.26535034179688
2024-08-06,206.26535034179688,209.01251239840335,200.13403637997632,204.34434168651262,69660500,215.77389831542968,212.38056701660156,208.84332275390625
2024-08-07,208.84332275390625,212.64553325809877,205.4292810556757,205.9369016050796,63516400,214.9059600830078,212.77552032470703,212.3170623779297
2024-08-08,212.3170623779297,213.2029189157903,207.85792055043288,212.1179963940502,47161100,214.48990478515626,213.2397491455078,215.23342895507812
2024-08-09,215.23342895507812,215.77090862412464,210.98330114399806,211.11270086651854,42201600,214.3187057495117,213.7563333129883,216.76803588867188
2024-08-12,216.76803588867188,218.7410960979999,214.8448035806853,215.31315848368175,38028100,214.2730972290039,214.2837026977539,220.49493408203125
2024-08-13,220.49493408203125,221.11275746457662,218.2428407360094,218.2428407360094,44155300,214.54443817138673,214.8664993286133,220.943359375
2024-08-14,220.943359375,222.24876826808693,218.93043078284688,219.7973936824548,41960600,214.53415069580078,215.4228302001953,223.93284606933594
2024-08-15,223.93284606933594,224.56064415441705,221.97970491871703,223.81327127421198,46414000,215.19307861328124,216.03258056640624,225.25819396972656
2024-08-16,225.25819396972656,226.03546056539557,222.86659157853387,223.1356500786779,44340200,215.83524017333986,216.63857971191408,225.09873962402344
2024-08-19,225.09873962402344,225.19839542072495,222.2587166767679,224.92933693390268,40687800,217.51552734375,217.26906036376954,225.71656799316406
2024-08-20,225.71656799316406,226.3742597731608,224.66028342820331,224.9791698204466,30299000,219.4606491088867,217.86392181396485,225.60696411132812
2024-08-21,225.60696411132812,227.18143154067607,224.26170199000447,225.7265541171402,34765500,221.13701324462892,218.53164031982422,223.74351501464844
2024-08-22,223.74351501464844,227.5401669123529,223.11571691317775,226.9920904114928,43695300,222.27965850830077,218.8827960205078,226.04542541503906
2024-08-23,226.04542541503906,227.42059644239848,223.5442228703079,224.86956599566977,38677300,223.36085815429686,219.16214050292967,226.3842315673828
2024-08-26,226.3842315673828,226.48388737170686,223.1057623977585,225.9657045588355,30602200,224.32247772216797,219.4249703979492,227.23126220703125
2024-08-27,227.23126220703125,228.0483972344343,224.10226151212836,225.208374045966,35934600,224.99611053466796,219.7395782470703,225.6966552734375
2024-08-28,225.6966552734375,229.05484595642545,224.88947977262964,227.12163896438045,38052200,225.47144012451173,219.94028289794923,228.98507690429688
2024-08-29,228.98507690429688,232.10411789712717,228.07827604001008,229.294003797999,51906300,225.9766632080078,220.25413482666016,228.19784545898438
2024-08-30,228.19784545898438,229.5929353752877,226.68316554604098,229.38367949051207,52990800,226.2706283569336,220.64401245117188,221.9896697998047
2024-09-03,221.9896697998047,228.19784265919515,220.39526831044307,227.7494219919808,50190600,225.95972137451173,220.95332275390626,220.07640075683594
2024-09-04,220.07640075683594,221.00313580397116,216.71819503548093,220.88356101217042,43840200,225.3957046508789,221.21142822265625,221.60104370117188
2024-09-05,221.60104370117188,224.6901757794695,220.744055533832,220.85367082984084,36615400,224.99511260986327,221.48151306152343,220.0465087890625
2024-09-06,220.0465087890625,224.4510243839852,219.00018373655976,223.16553454066073,48423000,224.6254119873047,221.6372964477539,220.13619995117188
2024-09-09,220.13619995117188,220.49493955114087,215.95091475509392,220.04651885251477,67180000,224.03448944091798,221.7779525756836,219.3389892578125
2024-09-10,219.3389892578125,220.70418549359823,215.97082401031443,218.15315521125123,51591000,223.32996520996093,221.97194091796874,221.88006591796875
2024-09-11,221.88006591796875,222.3085524071335,217.126770108234,220.6842723421212,44587100,222.7948455810547,222.09472137451172,221.9896697998047
2024-09-12,221.9896697998047,222.7669363444001,219.05000630879996,221.72061131734026,37455600,222.4241470336914,222.14962158203124,221.7206268310547
2024-09-13,221.7206268310547,223.25522582753553,221.13269713278441,222.7968456308755,36766600,221.69770202636718,222.17365997314454,215.56228637695312
2024-09-16,215.56228637695312,216.45912779468063,213.1706839207783,215.7815017768951,59357400,220.43414611816405,221.97917724609374,216.03060913085938
2024-09-17,216.03060913085938,216.1402244248995,213.74863736172932,214.99425879157621,45519300,219.83824005126954,221.76459869384766,219.91697692871094
2024-09-18,219.91697692871094,221.92990559819444,216.77800151948543,216.7879762232403,59894900,219.82229766845703,221.6106280517578,228.0683135986328
2024-09-19,228.0683135986328,229.01499812075548,223.84317512238368,224.20191472936153,66781300,220.46902465820312,221.53408416748047,227.40065002441406
2024-09-20,227.40065002441406,232.27352055331795,226.82267984404155,229.1644542640561,318679900,221.20443878173828,221.5518832397461,225.67672729492188
2024-09-23,225.67672729492188,228.64628476177805,225.01903547850176,226.54367501316779,54146000,221.75849151611328,221.47608093261718,226.57354736328125
2024-09-24,226.57354736328125,228.54662262661762,224.93929267987525,227.8490624720206,43556100,222.48194732666016,221.34137420654298,225.57705688476562
2024-09-25,225.57705688476562,226.49383244586693,223.2352976856936,224.1420985437932,42308700,222.85164642333984,221.17837615966798,226.72303771972656
2024-09-26,226.72303771972656,227.69960067739044,224.62042810744603,226.50380712846774,36636700,223.32498321533203,221.1565447998047,226.99208068847656
2024-09-27,226.99208068847656,228.71603171782343,226.50380681299467,227.6597471643239,34026000,223.8521286010742,221.2336572265625,232.18385314941406
2024-09-30,232.18385314941406,232.18385314941406,228.84558136748996,229.23421467656505,54541900,225.5142852783203,221.41201721191408,225.41763305664062
2024-10-01,225.41763305664062,228.84557057238277,222.9562838134916,228.71603627902877,63285000,226.45298767089844,221.4620196533203,225.98562622070312
2024-10-02,225.98562622070312,226.57355589970402,222.2388023482828,225.09874435066007,32880600,227.05985260009766,221.50248046875,224.8795166015625
2024-10-03,224.8795166015625,226.01552277761738,222.53775735368686,224.35137431302277,34044200,226.74097290039063,221.64961669921874,226.00555419921875
2024-10-04,226.00555419921875,227.20134772512517,223.3449086623416,227.10169192907478,37245100,226.6014633178711,221.84017547607422,220.91346740722656
2024-10-07,220.91346740722656,224.8994562199718,220.55472780586587,223.7136221153256,39505400,226.12513732910156,221.91953643798828,224.97918701171875
2024-10-08,224.97918701171875,225.18844291794565,222.46800969960725,223.51433484676548,31855700,225.9657012939453,222.07463775634767,228.73594665527344
2024-10-09,228.73594665527344,228.94521774486736,224.04245364435144,224.44104641791938,33591100,226.2815902709961,222.29372619628907,228.23770141601562
2024-10-10,228.23770141601562,228.6960967971132,226.3742566041183,226.98212047614993,28183500,226.433056640625,222.4375555419922,226.75294494628906
2024-10-11,226.75294494628906,228.60643037956845,226.54367384020586,228.4968150773993,31759200,226.40914306640624,222.62574310302733,230.48980712890625
2024-10-14,230.48980712890625,230.91829362955485,227.79926770980506,227.89890830734765,39882100,226.23973846435547,222.85880767822266,233.03086853027344
2024-10-15,233.03086853027344,236.65811760908664,231.5560417756155,232.79170373632726,64751400,227.00106201171874,223.3535076904297,230.96810913085938
2024-10-16,230.96810913085938,231.3069145139278,229.0349022193022,230.78874694170784,34082200,227.4993103027344,223.84756286621095,231.33682250976562
2024-10-17,231.33682250976562,233.0308799404877,229.71254238803704,232.6123377292532,32993800,228.1450408935547,224.29743286132813,234.1768341064453
2024-10-18,234.1768341064453,235.35269346424636,233.19029643777657,235.35269346424636,46431500,228.96216888427733,224.73462829589843,235.65164184570312
2024-10-21,235.65164184570312,236.0203561309456,233.6287538470191,233.6287538470191,36254500,230.435986328125,225.14299255371094,235.03382873535156
2024-10-22,235.03382873535156,235.3925683333293,231.7852533575211,233.07072804715946,38846600,231.4414505004883,225.50830841064453,229.95169067382812
2024-10-23,229.95169067382812,234.31635331873264,226.96219904424217,233.26006870913344,52287000,231.56302490234376,225.69744354248047,229.76235961914062
2024-10-24,229.76235961914062,230.0114839114603,227.60992208421712,229.17441473320775,31109500,231.71549072265626,225.8738235473633,230.59942626953125
2024-10-25,230.59942626953125,232.4030838122294,228.7658750265385,228.93527772998817,38802300,232.10013885498046,226.0071551513672,232.5824432373047
2024-10-28,232.5824432373047,233.9077863541258,231.73542973016842,232.50273684103132,36087100,232.3094024658203,226.15364013671876,232.85150146484375
2024-10-29,232.85150146484375,233.50919327337175,231.50623935322642,232.28350596136286,35417200,232.29146575927734,226.30869537353516,229.29400634765625
2024-10-30,229.29400634765625,232.65219696606212,228.74592985962587,231.79520878623467,47070900,232.12405548095703,226.380244140625,225.11868286132812
2024-10-31,225.11868286132812,229.02495000446748,224.5805658660821,228.53666090957242,64370100,231.5022415161133,226.370478515625,222.12918090820312
2024-11-01,222.12918090820312,224.56063636026596,219.4984290694042,220.1959740256502,65276700,230.29747619628907,226.3381918334961,221.23233032226562
2024-11-04,221.23233032226562,222.0095968952219,218.94039900502227,220.21591416091667,44944500,228.8555450439453,226.2419299316406,222.66729736328125
2024-11-05,222.66729736328125,223.1655459656629,220.36539125313263,221.02308305755813,28111300,227.61889190673827,226.1675912475586,221.93984985351562
2024-11-06,221.93984985351562,225.27812143912794,220.41521040716108,221.83023455712816,54561100,226.81770782470704,226.06176300048827,226.6831817626953
2024-11-07,226.6831817626953,227.081789771112,223.7833864288354,223.8431738287627,42137700,226.5097900390625,226.08149353027343,226.41383361816406
2024-11-08,226.41383361816406,228.10973956989392,225.8651541338214,226.6233197345054,38328800,226.0912307739258,226.03006866455078,223.69039916992188
2024-11-11,223.69039916992188,225.15686291743452,220.96697301971395,224.4585504714927,42005600,225.2020263671875,225.93991973876953,223.69039916992188
2024-11-12,223.69039916992188,225.04712701721013,222.82249764582772,224.00963641496367,40398300,224.28591613769532,225.97393432617187,224.5782470703125
2024-11-13,224.5782470703125,226.10456392944064,222.2239257676591,223.4709176605461,48566200,223.81434020996093,226.0639712524414,227.67079162597656
2024-11-14,227.67079162597656,228.31922131738446,224.45853931227538,224.47849544461576,44923900,224.06955108642578,226.1853662109375,224.4585418701172
2024-11-15,224.4585418701172,226.3739196007606,223.73030286311794,225.8551667084814,47923700,224.3024871826172,226.2736068725586,227.4712677001953
2024-11-18,227.4712677001953,229.18712968944305,224.62812021676072,224.70792952115227,44633700,224.92638092041017,226.42030822753907,227.73065185546875
2024-11-19,227.73065185546875,229.60613257977118,226.11455519341968,226.43377721041003,36211800,225.4327163696289,226.58814147949218,228.44891357421875
2024-11-20,228.44891357421875,229.37666823104936,225.34639715216647,227.51117324017346,35169600,226.08362274169923,226.71951843261718,227.97007751464844
2024-11-21,227.97007751464844,229.60613029336434,225.16684213362325,228.3292117939797,42108300,226.21231231689453,226.83912658691406,229.3168182373047
2024-11-22,229.3168182373047,230.16477882059493,227.51117639639193,227.51117639639193,38168300,226.5026107788086,226.99105041503907,232.30960083007812
2024-11-25,232.30960083007812,232.68869124314412,229.1871434272115,230.9030055193102,90152800,227.36453094482422,227.32599670410156,234.49432373046875
2024-11-26,234.49432373046875,235.00310615337486,232.76849125195545,232.76849125195545,45986200,228.4449234008789,227.69527099609374,234.36463928222656
2024-11-27,234.36463928222656,235.12282010257627,233.24733940643014,233.9057547855541,33498400,229.4235626220703,227.98422424316405,236.7588653564453
2024-11-29,236.7588653564453,237.2377059705746,233.40695061340287,234.24492549364632,28481400,230.33236999511718,228.1580352783203,239.013427734375
2024-12-02,239.013427734375,240.21053691361496,236.58928278806928,236.69901868412032,48137100,231.78785858154296,228.39029083251953,242.06607055664062
2024-12-03,242.06607055664062,242.1758064568113,238.32509471728144,239.232908507596,38861000,233.2473388671875,228.7180776977539,242.42520141601562
2024-12-04,242.42520141601562,243.5225604021956,240.66944226019712,242.28553892887177,44383900,234.7167938232422,229.0351107788086,242.4551239013672
2024-12-05,242.4551239013672,243.95151419061432,241.54732536132988,243.40284992887905,40033900,236.11741485595704,229.37267211914062,242.25559997558594
2024-12-06,242.25559997558594,244.04130085085734,241.49743440151175,242.32543882662802,36870600,237.54596710205078,229.6833233642578,246.1562042236328
2024-12-09,246.1562042236328,246.64503053466012,241.16823655952678,241.24804586880077,44649200,239.2299057006836,230.06660583496094,247.1737518310547
2024-12-10,247.1737518310547,247.612695417372,244.7495916510093,246.2958646584201,36914800,240.71632080078126,230.36640380859376,245.89683532714844
2024-12-11,245.89683532714844,250.19646101706442,245.66737785476369,247.3632990378159,45205800,241.85657196044923,230.77598785400392,247.36329650878906
2024-12-12,247.36329650878906,248.1414182384854,245.08876927344312,246.2958641332418,32777500,243.15643768310548,231.20354125976561,247.5328826904297
2024-12-13,247.5328826904297,248.69007959411312,245.647431564018,247.223631137632,33155300,244.2338394165039,231.65660858154297,250.43588256835938
2024-12-16,250.43588256835938,250.77507595019196,247.05404098232512,247.3932343641577,51694800,245.37608489990234,232.1452151489258,252.8699951171875
2024-12-17,252.8699951171875,253.21915892963332,249.1789022262073,249.47818331943677,51356400,246.45647735595702,232.784345703125,247.4530792236328
2024-12-18,247.4530792236328,253.66808268004456,247.14382766353577,251.55318925842403,56774100,246.95926513671876,233.23382354736327,249.1888885498047
2024-12-19,249.1888885498047,251.3935770141874,246.49538898335234,246.90440599607692,60882300,247.6326416015625,233.6428823852539,253.87759399414062
2024-12-20,253.87759399414062,254.3863612366688,245.09876750312787,247.44310326755718,147495300,248.79484100341796,234.1556802368164,254.6557159423828
2024-12-23,254.6557159423828,255.03479114956258,252.8400883307868,254.15691915529422,40858800,249.64479217529296,234.7137356567383,257.57867431640625
2024-12-24,257.57867431640625,257.58862955018265,254.67565812568793,254.87518901917565,23234700,250.68528442382814,235.2555130004883,258.39666748046875
2024-12-26,258.39666748046875,259.47408555117545,257.0100282923795,257.56867823862046,27237100,251.93526763916014,235.76282897949218,254.9749298095703
2024-12-27,254.9749298095703,258.0774615569102,252.4510193654514,257.20952960207876,42355300,252.6964309692383,236.2429653930664,251.59307861328125
2024-12-30,251.59307861328125,252.88995321263158,250.14657107718884,251.62300520062965,35557500,253.10245056152343,236.64809051513672,249.81736755371094
2024-12-31,249.81736755371094,252.67048563095815,248.82974448856297,251.83251072711272,39480700,253.04059906005858,236.96090118408202,243.26319885253906
2025-01-02,243.26319885253906,248.5005651105234,241.23808511721737,248.3309608077005,55740700,252.07991943359374,237.11313232421875,242.7743682861328
2025-01-03,242.7743682861328,243.5923870862029,241.3079045417172,242.7743682861328,40244100,251.61204833984374,237.26794311523437,244.41041564941406
2025-01-06,244.41041564941406,246.73481040856498,242.61474424512696,243.72207367593157,45045600,251.1342010498047,237.5571176147461,241.62713623046875
2025-01-07,241.62713623046875,244.9590949760797,240.76920518354387,242.3952722906863,40856000,249.9091552734375,237.79441314697266,242.11595153808594
2025-01-08,242.11595153808594,243.12353076570005,239.47233471944105,241.33782978685954,37628900,248.65517883300782,238.02474365234374,236.28004455566406
2025-01-10,236.28004455566406,239.58207685657038,232.43930319937854,239.43242868693397,61710900,246.5253158569336,238.09869567871092,233.83592224121094
2025-01-13,233.83592224121094,234.10527676213235,229.16719172961072,232.96802072299363,49630700,244.06924133300782,238.11838409423828,232.71861267089844
2025-01-14,232.71861267089844,235.55177458449063,231.9105643637605,234.1850763475817,39435300,241.84360961914064,238.1868762207031,237.2975616455078
2025-01-15,237.2975616455078,238.38495013235746,233.86583756026477,234.07533889356793,39832000,240.41405792236327,238.43045379638673,227.710693359375
2025-01-16,227.710693359375,237.4372302632713,227.4812511099753,236.77883010316478,71759100,238.2033905029297,238.54208404541015,229.4265594482422
2025-01-17,229.4265594482422,231.73099810398455,227.93016912923343,231.5614090278119,68488300,236.8197265625,238.70596862792968,222.10421752929688
2025-01-21,222.10421752929688,223.87993275191027,218.85206818023312,223.46094530610958,98070400,234.7527114868164,238.69470703125,223.29136657714844
2025-01-22,223.29136657714844,223.58066200952604,219.26108010259503,219.26108010259503,64126500,232.64080657958985,238.72173736572265,223.1217803955078
2025-01-23,223.1217803955078,226.4836658384098,221.76505253825962,224.19918327232872,60234800,230.79027099609374,238.6505093383789,222.24388122558594
2025-01-24,222.24388122558594,225.08702882156655,220.877182986192,224.23906824814947,54697900,228.80306396484374,238.56711029052735,229.30685424804688
2025-01-27,229.30685424804688,231.59133678218907,223.44099929694335,223.4809115633434,94863400,228.10574493408203,238.67943939208985,237.68663024902344
2025-01-28,237.68663024902344,239.61199368769647,230.25456145518996,230.2944737209622,75707600,228.49081573486328,238.9593640136719,238.7839813232422
2025-01-29,238.7839813232422,239.28277807440017,233.446849997024,233.55658589116152,45486100,229.09735260009765,239.24347869873046,237.0182342529297
2025-01-30,237.0182342529297,240.21053038482776,236.63915907674937,238.09563705158317,55658300,229.06941986083984,239.43042755126953,235.4320831298828
2025-01-31,235.4320831298828,246.59515764263173,232.87824601959832,246.59515764263173,100959800,229.84155883789063,239.64989837646485,227.46128845214844
2025-02-03,227.46128845214844,231.27210292869276,225.1568499027089,229.4365345420127,73063300,229.64503173828126,239.6496987915039,232.23977661132812
2025-02-04,232.23977661132812,232.5689843025687,226.10456727432145,226.70312948058964,45067300,230.65858764648436,239.73988128662108,231.91058349609375
2025-02-05,231.91058349609375,232.11009917003332,227.7206934550818,227.98006230899622,39620300,231.5205093383789,239.8091146850586,232.6587677001953
2025-02-06,232.6587677001953,233.23737378273856,229.875473186273,230.7334042435517,29925300,232.47420806884764,239.90288848876952,227.08221435546875
2025-02-07,227.08221435546875,233.43688010961284,226.71309440770742,232.04025529180169,39707200,232.95804138183593,239.8581964111328,227.3518524169922
2025-02-10,227.3518524169922,230.2880044885276,226.90244480659103,229.26935130196645,33115600,232.76254119873047,239.75904144287108,232.3153533935547
2025-02-11,232.3153533935547,234.92193591818142,227.83124330015124,227.90114370319637,53718400,232.22541351318358,239.7154620361328,236.55978393554688
2025-02-12,236.55978393554688,236.64967765066982,230.377888084301,230.89721134547665,45243300,232.00299377441405,239.75936492919922,241.21368408203125
2025-02-13,241.21368408203125,242.02262084431055,235.2614980047627,236.5997394445533,53614100,232.42253875732422,239.84846130371093,244.2796630859375
2025-02-14,244.2796630859375,245.22841586050225,240.67439035154717,240.93404435379279,40896200,233.3072967529297,239.9537860107422,244.14984130859375
2025-02-18,244.14984130859375,244.85890295305822,241.52328070167576,243.83025306858283,48822500,234.9761520385742,239.99546142578126,244.54930114746094
2025-02-19,244.54930114746094,245.68780753699892,242.84154918255663,244.33958470767533,32204200,236.2071044921875,240.03794342041016,245.508056640625
2025-02-20,245.508056640625,246.4568094488268,243.9700649298591,244.61922281669615,32316900,237.5668518066406,240.0990020751953,245.22842407226562
2025-02-21,245.22842407226562,248.36431123309396,244.89885442060717,245.6278941258364,53197400,238.82381744384764,240.1584585571289,246.77639770507812
2025-02-24,246.77639770507812,248.53408727873096,244.09989957647335,244.609226181644,51326400,240.7932357788086,240.17086242675782,246.71646118164062
2025-02-25,246.71646118164062,249.67259136851834,244.58926106556868,247.67521063757022,48013300,242.72969665527344,240.16171661376953,240.0452117919922
2025-02-26,240.0452117919922,244.65915630674968,238.8168269352331,244.01001367840516,44433600,243.5026824951172,240.0446841430664,236.98922729492188
2025-02-27,236.98922729492188,242.14247324939222,236.74953612071198,239.09646458024955,41153600,243.54562683105468,239.83720275878906,241.5232696533203
2025-02-28,241.5232696533203,241.77294223985544,229.89851463379637,236.63967447024518,56833400,243.5765853881836,239.71701049804688,237.71826171875
2025-03-03,237.71826171875,243.71040379171194,235.80077808405883,241.47333193183624,47184000,242.92044525146486,239.46265808105468,235.6210174560547
2025-03-04,235.6210174560547,239.75561031847352,234.3726544629493,237.39870037793833,53798100,242.06756286621095,239.11767852783203,235.4312744140625
2025-03-05,235.4312744140625,236.2402111793479,228.92979032203158,235.11168617953675,47227600,241.1557601928711,238.87724243164064,235.0218048095703
2025-03-06,235.0218048095703,237.54849020730907,232.8546485518437,234.13297099659667,45170400,240.1071350097656,238.59390075683595,238.7569122314453
2025-03-07,238.7569122314453,241.05388787370777,234.45254396930395,234.80209169163373,46273600,239.4599838256836,238.29148712158204,227.1820831298828
2025-03-10,227.1820831298828,235.85072354308846,223.92635798057333,235.23152514577004,72071200,237.50055236816405,237.74201446533203,220.55078125
2025-03-11,220.55078125,225.54423318142804,217.16522145004404,223.51689291637274,76137400,234.883984375,237.00145660400392,216.69583129882812
2025-03-12,216.69583129882812,221.4595886104368,214.6285501658544,219.85169651198805,62547500,232.5490463256836,236.1674398803711,209.4053955078125
2025-03-13,209.4053955078125,216.55602242060417,208.14705109128238,215.6671885752157,61368300,229.79066314697266,235.25604919433593,213.21041870117188
2025-03-14,213.21041870117188,213.66980775083542,209.30553558500114,210.97334672214788,60107600,226.95937805175782,234.48839599609374,213.71974182128906
2025-03-17,213.71974182128906,214.93814530685134,209.69502079955336,213.0306430192638,48073400,224.5595260620117,233.76644348144532,212.4114532470703
2025-03-18,212.4114532470703,214.8682229774316,211.21302787332291,213.87952928252258,42432400,222.2385696411133,233.14940856933595,214.95811462402344
2025-03-19,214.95811462402344,218.47349365471302,213.470060528986,213.93944620866878,54385400,220.19125366210938,232.59308349609375,213.81961059570312
2025-03-20,213.81961059570312,217.20517028159983,211.94206785632258,213.70975404736055,48862900,218.07103424072267,231.98126739501953,217.98414611816406
2025-03-21,217.98414611816406,218.5533916912833,211.0032951126973,211.2829271905112,94127800,215.99375762939454,231.50840759277344,220.44091796875
2025-03-24,220.44091796875,221.1899357355996,218.29373979930335,220.71056863168138,44299500,215.31964111328125,231.0749069213867,223.45697021484375
2025-03-25,223.45697021484375,223.80651793975238,219.79177838679217,220.48087718007702,34493600,215.61026000976562,230.81844543457032,221.2398681640625
2025-03-26,221.2398681640625,224.7253029108424,220.18125884970436,223.21727075576553,34466100,216.06466369628907,230.56652435302735,223.5568389892578
2025-03-27,223.5568389892578,224.69534536875565,220.271139232742,221.1000540446544,37094800,217.47980804443358,230.38328887939454,217.6146240234375
2025-03-28,217.6146240234375,223.51688772665744,217.39491092445158,221.3796909591809,39818600,217.92022857666015,229.98963012695313,221.83909606933594
2025-03-31,221.83909606933594,225.32451569687797,215.9468137615173,216.72579102857173,65299300,218.73216400146484,229.87219818115236,222.897705078125
2025-04-01,222.897705078125,223.3870536043053,218.61331487709137,219.5221267668628,36412700,219.78078918457032,229.74162109375,223.59678649902344
2025-04-02,223.59678649902344,224.89508702876748,220.73055001137135,221.03016017035932,35905900,220.6446563720703,229.77147247314454,202.9239044189453
2025-04-03,202.9239044189453,207.2182761783418,200.9864426085102,205.27081771109022,103419000,219.55508575439453,229.36412322998046,188.13330078125
2025-04-04,188.13330078125,199.61824028069563,187.09465424061224,193.6360793511012,125910900,216.57000122070312,228.6643536376953,181.2223663330078
2025-04-07,181.2223663330078,193.89573468350994,174.39131242893686,176.967935484531,160466300,212.6481460571289,227.84392333984374,172.19419860839844
2025-04-08,172.19419860839844,190.09072892121037,168.9884109270566,186.4554964395268,120859500,207.52186889648436,226.70167022705078,198.58958435058594
2025-04-09,198.58958435058594,200.3472738997123,171.6648855169899,171.72480450043201,184395900,205.25684051513673,225.91972930908204,190.17062377929688
2025-04-10,190.17062377929688,194.52491452460524,182.76034285398336,188.82240088513313,121880000,201.91821899414063,224.94746215820314,197.89048767089844
2025-04-11,197.89048767089844,199.27866665425725,185.81632494094944,185.856281088865,87435900,199.94580535888673,224.1649072265625,202.25477600097656
2025-04-14,202.25477600097656,212.6611277249045,200.8965565016436,211.1630921847052,101352900,197.98737335205078,223.50136108398436,201.87527465820312
2025-04-15,201.87527465820312,203.24347561495443,199.53834280484799,201.59564256833872,51343900,195.8851303100586,222.98964080810546,194.0155792236328
2025-04-16,194.0155792236328,200.4371508814261,192.11805840887246,198.10021911176236,59732400,192.92700958251953,222.22515686035158,196.72203063964844
2025-04-17,196.72203063964844,198.56961397436802,194.16538565496842,196.94174374665747,52164700,192.30682220458985,221.52138580322264,192.9070281982422
2025-04-21,192.9070281982422,193.54618940120912,189.56140949031536,193.01688474432112,46742500,192.78419494628906,220.7263510131836,199.47842407226562
2025-04-22,199.47842407226562,201.32599215129426,195.71335703344474,195.8631544964882,52976400,194.60980072021485,220.17427520751954,204.33206176757812
2025-04-23,204.33206176757812,207.7276030292648,202.5344160012944,205.7302222309065,52929200,197.8235870361328,219.71387939453126,208.09710693359375
2025-04-24,208.09710693359375,208.5565112075726,202.67422555441442,204.62166872266098,47311000,198.7743392944336,219.22951446533204,209.00592041015625
2025-04-25,209.00592041015625,209.47530610539675,205.92995222724628,206.0997277622984,38222300,200.65786895751953,218.67843719482423,209.8647918701172
2025-04-28,209.8647918701172,211.2230113707532,207.1883090170199,209.72497582911666,38743100,201.8552993774414,218.05145935058593,210.9333953857422
2025-04-29,210.9333953857422,211.96204522644123,208.09710321217068,208.41669143858087,36827600,202.72316131591796,217.38453399658204,212.22171020507812
2025-04-30,212.22171020507812,213.30029766677714,206.399343338795,209.02590396975114,52286500,203.75780487060547,216.74597137451173,213.04063415527344
2025-05-01,213.04063415527344,214.2790004444518,208.62640936955898,208.80618155790114,57365700,205.66031036376953,216.11579803466796,205.08106994628906
2025-05-02,205.08106994628906,206.71892151455646,201.89524528415058,205.82009105417706,101010600,206.4962142944336,215.30725830078126,198.62953186035156
2025-05-05,198.62953186035156,203.83271551835597,197.9504297070337,202.83402512431957,69018500,207.06846466064454,214.37528045654298,198.25001525878906
2025-05-06,198.25001525878906,200.38721199140494,196.7619763948813,197.9504203457911,51216500,206.94562377929688,213.4047528076172,195.99298095703125
2025-05-07,195.99298095703125,199.1788056079939,192.99690991055434,198.90915494694545,68536700,206.1117156982422,212.390283203125,197.2313690185547
2025-05-08,197.2313690185547,199.78801395815432,194.42503624466005,197.46106353953903,50478900,205.02514190673827,211.53400634765626,198.27000427246094
2025-05-09,198.27000427246094,200.2773664943336,197.28129528859796,198.739389980464,36453900,203.95155029296876,210.75962188720703,210.7899932861328
2025-05-12,210.7899932861328,211.27000427246094,206.75,210.97000122070312,63775800,204.0440704345703,210.14495635986327,212.92999267578125
2025-05-13,212.92999267578125,213.39999389648438,209.0,210.42999267578125,51909300,204.2437301635742,209.64919097900392,212.3300018310547
2025-05-14,212.3300018310547,213.94000244140625,210.5800018310547,212.42999267578125,49325800,204.2545593261719,209.18337066650392,211.4499969482422
2025-05-15,211.4499969482422,212.9600067138672,209.5399932861328,210.9499969482422,45029500,204.09549560546876,208.7037451171875,211.25999450683594
2025-05-16,211.25999450683594,212.57000732421875,209.77000427246094,212.36000061035156,54737900,204.71338806152343,208.22850891113282,208.77999877929688
2025-05-19,208.77999877929688,209.47999572753906,204.25999450683594,207.91000366210938,46140500,205.72843475341796,207.62897064208985,206.86000061035156
2025-05-20,206.86000061035156,208.47000122070312,205.02999877929688,207.6699981689453,42496600,206.5894332885742,207.22252899169922,202.08999633789062
2025-05-21,202.08999633789062,207.0399932861328,200.7100067138672,205.1699981689453,59211800,207.19913482666016,206.85331329345703,201.36000061035156
2025-05-22,201.36000061035156,202.75,199.6999969482422,200.7100067138672,46742400,207.61199798583985,206.5465966796875,195.27000427246094
2025-05-23,195.27000427246094,197.6999969482422,193.4600067138672,193.6699981689453,78432900,207.31199798583984,206.26388885498048,200.2100067138672
2025-05-27,200.2100067138672,200.74000549316406,197.42999267578125,198.3000030517578,56288500,206.25399932861328,206.00388061523438,200.4199981689453
2025-05-28,200.4199981689453,202.72999572753906,199.89999389648438,200.58999633789062,45339700,205.00299987792968,205.7378857421875,199.9499969482422
2025-05-29,199.9499969482422,203.80999755859375,198.50999450683594,203.5800018310547,51396800,203.76499938964844,205.48865661621093,200.85000610351562
2025-05-30,200.85000610351562,201.9600067138672,196.77999877929688,199.3699951171875,70819900,202.7050003051758,205.2064944458008,201.6999969482422
2025-06-02,201.6999969482422,202.1300048828125,200.1199951171875,200.27999877929688,35423300,201.7490005493164,204.96410217285157,203.27000427246094
2025-06-03,203.27000427246094,203.77000427246094,200.9600067138672,201.35000610351562,46381600,201.1980010986328,204.6698193359375,202.82000732421875
2025-06-04,202.82000732421875,206.24000549316406,202.10000610351562,202.91000366210938,43604000,200.79400177001952,204.31740112304686,200.6300048828125
2025-06-05,200.6300048828125,204.75,200.14999389648438,203.5,55126100,200.64800262451172,203.86086181640624,203.9199981689453
2025-06-06,203.9199981689453,205.6999969482422,202.0500030517578,203.0,46607700,200.90400238037108,203.5144644165039,201.4499969482422
2025-06-09,201.4499969482422,206.0,200.02000427246094,204.38999938964844,72862600,201.52200164794922,203.0723275756836,202.6699981689453
2025-06-10,202.6699981689453,204.35000610351562,200.57000732421875,200.60000610351562,54672600,201.76800079345702,202.77343505859375,198.77999877929688
2025-06-11,198.77999877929688,204.5,198.41000366210938,203.5,60989900,201.6040008544922,202.31225311279297,199.1999969482422
2025-06-12,199.1999969482422,199.67999267578125,197.36000061035156,199.0800018310547,43904600,201.52900085449218,201.8382989501953,196.4499969482422
2025-06-13,196.4499969482422,200.3699951171875,195.6999969482422,199.72999572753906,51447300,201.08899993896483,201.2953631591797,198.4199981689453
2025-06-16,198.4199981689453,198.69000244140625,196.55999755859375,197.3000030517578,43020700,200.76100006103516,201.2052850341797,195.63999938964844
2025-06-17,195.63999938964844,198.38999938964844,195.2100067138672,197.1999969482422,38856200,199.9979995727539,201.35541900634766,196.5800018310547
2025-06-18,196.5800018310547,197.57000732421875,195.07000732421875,195.94000244140625,45394700,199.3739990234375,201.6625717163086,201.0
2025-06-20,201.0,201.6999969482422,196.86000061035156,198.24000549316406,96813500,199.41099853515624,202.23868774414063,201.5
2025-06-23,201.5,202.3000030517578,198.9600067138672,201.6300048828125,55814300,199.16899871826172,202.29689605712892,200.3000030517578
2025-06-24,200.3000030517578,203.44000244140625,200.1999969482422,202.58999633789062,54064000,199.0539993286133,202.49948364257813,201.55999755859375
2025-06-25,201.55999755859375,203.6699981689453,200.6199951171875,201.4499969482422,39525700,198.94299926757813,202.57287384033202,201.0
2025-06-26,201.0,202.63999938964844,199.4600067138672,201.42999267578125,50799100,199.16499938964844,202.5477783203125,201.0800018310547
2025-06-27,201.0800018310547,203.22000122070312,200.0,201.88999938964844,73188600,199.35299987792968,202.53187286376954,205.1699981689453
2025-06-30,205.1699981689453,207.38999938964844,199.25999450683594,202.00999450683594,91912800,200.225,202.7549612426758,207.82000732421875
2025-07-01,207.82000732421875,210.19000244140625,206.13999938964844,206.6699981689453,78788900,201.16500091552734,202.9769207763672,212.44000244140625
2025-07-02,212.44000244140625,213.33999633789062,208.13999938964844,208.91000366210938,67941800,202.84500122070312,203.36758026123047,213.5500030517578
2025-07-03,213.5500030517578,214.64999389648438,211.80999755859375,212.14999389648438,34955800,204.54200134277343,203.64901184082032,209.9499969482422
2025-07-07,209.9499969482422,216.22999572753906,208.8000030517578,212.67999267578125,50229000,205.43700103759767,203.7613705444336,210.00999450683594
2025-07-08,210.00999450683594,211.42999267578125,208.4499969482422,210.10000610351562,42848900,206.28800048828126,203.79962829589843,211.13999938964844
2025-07-09,211.13999938964844,211.3300018310547,207.22000122070312,209.52999877929688,48749400,207.37200012207032,203.84230987548827,212.41000366210938
2025-07-10,212.41000366210938,213.47999572753906,210.02999877929688,210.50999450683594,44443600,208.45700073242188,203.89321411132812,211.16000366210938
2025-07-11,211.16000366210938,212.1300048828125,209.86000061035156,210.57000732421875,39765800,209.4730010986328,203.89774627685546,208.6199951171875
2025-07-14,208.6199951171875,210.91000366210938,207.5399932861328,209.92999267578125,38840100,210.22700042724608,203.82571197509765,209.11000061035156
2025-07-15,209.11000061035156,211.88999938964844,208.9199981689453,209.22000122070312,42296300,210.62100067138672,203.74709930419922,210.16000366210938
